,Capacity (mah),Nominal voltage (V),Cells configuration,Discharge (C),Battery height (mm),Bettry length (mm),Battery width (mm),Battery weight (g),Motor name,Shaft diameter (mm),Motor diameter (mm),Motor height (mm),Magnetic poles,KV (rpm/V),Motor weight (g),No load current (A),Resistance (Ohm),Propeller Name,Propeller diameter (in),Propeller pitch (in),Propeller weight (g),Propeller material,Tests,Peak rotational speed (rpm),Peak torque (Nm),Peak current (A),Peak thrust (kgf),Hovering rotational speed (rpm),Hovering torque (Nm),Hovering current (A),Hovering PWM
4705,800,7.4,2S1P,40,15.0,57.0,30.0,50.0,DYS D2225-12,3.175,22.0,25.0,,2000,32.0,,0.143,Gemfan 5040 R,5.0,4.0,3.0,ABS,8,13427.065727584317,0.022920553426073215,4.800469483970931,0.21800853208356577,14278.61247094427,0.017193180569836267,1.82303331887223,1.0
4942,800,7.4,2S1P,40,15.0,57.0,30.0,50.0,DYS D2822-12,3.175,28.0,22.0,,1800,38.0,,0.091,T-Motor 5143 Ultra-Light,5.1,4.3,3.7,Poly Carbonate,3,12517.549407093537,0.025989820604006078,4.898965768659727,0.22688058557972843,12950.723246470781,0.019819136397866952,2.254436836308302,1.0
5743,800,11.1,3S1P,40,23.0,52.0,30.0,72.0,DYS D2822-17,3.175,28.0,22.0,,1100,38.0,,0.192,Gemfan 5050 3-Blades BN,5.0,5.0,5.0,Poly Carbonate,6,11467.663479602408,0.030513049240422124,3.5148509488522377,0.2315996521673102,11747.396572179143,0.025459582298993224,2.190357140561843,1.0
6523,850,11.1,3S1P,45,22.2,60.0,30.4,76.0,DYS D2822-17,3.175,28.0,22.0,,1100,38.0,,0.192,Gemfan 5050 3-Blades BN,5.0,5.0,5.0,Poly Carbonate,6,11467.663479602408,0.030513049240422124,3.5148509488522377,0.2315996521673102,11747.396572179143,0.025459582298993224,2.190357140561843,1.0
8604,1000,7.4,2S1P,25,14.0,70.0,36.0,70.0,DYS D2225-12,3.175,22.0,25.0,,2000,32.0,,0.143,6030 Carbon Nylon,6.0,3.0,2.22,Carbon Nylon,16,13557.713467356498,0.02073944500769633,4.343659205047219,0.23472560692592093,13958.164480747135,0.017958454680012236,2.9434808365485674,1.0
8605,1000,7.4,2S1P,25,14.0,70.0,36.0,70.0,DYS D2225-12,3.175,22.0,25.0,,2000,32.0,,0.143,Gemfan 5040 R,5.0,4.0,3.0,ABS,8,13427.065727584317,0.022920553426073215,4.800469483970931,0.21800853208356577,14278.61247094427,0.017193180569836267,1.82303331887223,1.0
8610,1000,7.4,2S1P,25,14.0,70.0,36.0,70.0,DYS D2225-12,3.175,22.0,25.0,,2000,32.0,,0.143,Gemfan 6030 Thick hub,6.0,3.0,5.23,Plastic,7,13557.713467356498,0.02073944500769633,4.343659205047219,0.23472560692592093,13958.164480747135,0.017958454680012236,2.9434808365485674,1.0
8621,1000,7.4,2S1P,25,14.0,70.0,36.0,70.0,DYS D2225-15,3.175,22.0,25.0,,1600,32.0,,0.203,DALPROP 6040,6.0,4.0,4.32,Nylon,7,10387.40056274704,0.026692008247919556,4.47228890779852,0.22541605984530277,10908.761945578315,0.023134679947655282,2.867112236520237,1.0
8624,1000,7.4,2S1P,25,14.0,70.0,36.0,70.0,DYS D2225-15,3.175,22.0,25.0,,1600,32.0,,0.203,KingKong 6040,6.0,4.0,3.38,Plastic,5,10387.40056274704,0.026692008247919556,4.47228890779852,0.22541605984530277,10908.761945578315,0.023134679947655282,2.867112236520237,1.0
8842,1000,7.4,2S1P,25,14.0,70.0,36.0,70.0,DYS D2822-12,3.175,28.0,22.0,,1800,38.0,,0.091,T-Motor 5143 Ultra-Light,5.1,4.3,3.7,Poly Carbonate,3,12517.549407093537,0.025989820604006078,4.898965768659727,0.22688058557972843,12950.723246470781,0.019819136397866952,2.254436836308302,1.0
9289,1000,7.4,2S1P,25,14.0,70.0,36.0,70.0,TMOTOR V2207 V2.0,4.0,27.5,31.35,,1950,35.2,,0.05,Gemfan 5040 R,5.0,4.0,3.0,ABS,8,13940.827847134055,0.024569362099097162,5.017150285803675,0.2339545497777203,14149.65793279658,0.019666516185947742,2.875303253368564,1.0
10968,1050,11.1,3S1P,45,25.0,75.0,20.0,85.0,DYS D2225-??,3.175,22.0,25.0,,1350,32.0,,,6030 Carbon Nylon,6.0,3.0,2.22,Carbon Nylon,16,14985.0,0.024958425141258147,3.5284142261541205,0.28332482381859225,14020.065356055737,0.022066820435925866,3.1196232436317204,0.9356066303674165
10974,1050,11.1,3S1P,45,25.0,75.0,20.0,85.0,DYS D2225-??,3.175,22.0,25.0,,1350,32.0,,,Gemfan 6030 Thick hub,6.0,3.0,5.23,Plastic,7,14985.0,0.024958425141258147,3.5284142261541205,0.28332482381859225,14020.065356055737,0.022066820435925866,3.1196232436317204,0.9356066303674165
11748,1050,11.1,3S1P,75,19.0,71.0,36.0,98.0,DYS D2225-??,3.175,22.0,25.0,,1350,32.0,,,6030 Carbon Nylon,6.0,3.0,2.22,Carbon Nylon,16,14985.0,0.024958425141258147,3.5284142261541205,0.28332482381859225,14020.065356055737,0.022066820435925866,3.1196232436317204,0.9356066303674165
11754,1050,11.1,3S1P,75,19.0,71.0,36.0,98.0,DYS D2225-??,3.175,22.0,25.0,,1350,32.0,,,Gemfan 6030 Thick hub,6.0,3.0,5.23,Plastic,7,14985.0,0.024958425141258147,3.5284142261541205,0.28332482381859225,14020.065356055737,0.022066820435925866,3.1196232436317204,0.9356066303674165
14064,1300,7.4,2S1P,25,17.0,70.0,35.0,88.0,DYS D2225-12,3.175,22.0,25.0,,2000,32.0,,0.143,6030 Carbon Nylon,6.0,3.0,2.22,Carbon Nylon,16,13557.713467356498,0.02073944500769633,4.343659205047219,0.23472560692592093,13958.164480747135,0.017958454680012236,2.9434808365485674,1.0
14065,1300,7.4,2S1P,25,17.0,70.0,35.0,88.0,DYS D2225-12,3.175,22.0,25.0,,2000,32.0,,0.143,Gemfan 5040 R,5.0,4.0,3.0,ABS,8,13427.065727584317,0.022920553426073215,4.800469483970931,0.21800853208356577,14278.61247094427,0.017193180569836267,1.82303331887223,1.0
14070,1300,7.4,2S1P,25,17.0,70.0,35.0,88.0,DYS D2225-12,3.175,22.0,25.0,,2000,32.0,,0.143,Gemfan 6030 Thick hub,6.0,3.0,5.23,Plastic,7,13557.713467356498,0.02073944500769633,4.343659205047219,0.23472560692592093,13958.164480747135,0.017958454680012236,2.9434808365485674,1.0
14081,1300,7.4,2S1P,25,17.0,70.0,35.0,88.0,DYS D2225-15,3.175,22.0,25.0,,1600,32.0,,0.203,DALPROP 6040,6.0,4.0,4.32,Nylon,7,10387.40056274704,0.026692008247919556,4.47228890779852,0.22541605984530277,10908.761945578315,0.023134679947655282,2.867112236520237,1.0
14084,1300,7.4,2S1P,25,17.0,70.0,35.0,88.0,DYS D2225-15,3.175,22.0,25.0,,1600,32.0,,0.203,KingKong 6040,6.0,4.0,3.38,Plastic,5,10387.40056274704,0.026692008247919556,4.47228890779852,0.22541605984530277,10908.761945578315,0.023134679947655282,2.867112236520237,1.0
14604,1300,7.4,2S1P,25,17.0,70.0,35.0,88.0,TMOTOR V2306.5 V2.0,4.0,28.6,30.45,,1950,33.2,,0.067,6030 Carbon Nylon,6.0,3.0,2.22,Carbon Nylon,16,13854.102894855883,0.02158600394383098,4.407938041669481,0.24446537209420582,13950.315436826699,0.01992014891032941,3.6715236369943143,1.0
14610,1300,7.4,2S1P,25,17.0,70.0,35.0,88.0,TMOTOR V2306.5 V2.0,4.0,28.6,30.45,,1950,33.2,,0.067,Gemfan 6030 Thick hub,6.0,3.0,5.23,Plastic,7,13854.102894855883,0.02158600394383098,4.407938041669481,0.24446537209420582,13950.315436826699,0.01992014891032941,3.6715236369943143,1.0
14628,1300,7.4,2S1P,25,17.0,70.0,35.0,88.0,TMOTOR V2307 V2.0,4.0,28.6,30.95,,1950,35.1,,0.067,6030 Carbon Nylon,6.0,3.0,2.22,Carbon Nylon,16,13854.102894855883,0.02158600394383098,4.407938041669481,0.24446537209420582,13950.315436826699,0.01992014891032941,3.6715236369943143,1.0
14634,1300,7.4,2S1P,25,17.0,70.0,35.0,88.0,TMOTOR V2307 V2.0,4.0,28.6,30.95,,1950,35.1,,0.067,Gemfan 6030 Thick hub,6.0,3.0,5.23,Plastic,7,13854.102894855883,0.02158600394383098,4.407938041669481,0.24446537209420582,13950.315436826699,0.01992014891032941,3.6715236369943143,1.0
14749,1300,7.4,2S1P,25,17.0,70.0,35.0,88.0,TMOTOR V2207 V2.0,4.0,27.5,31.35,,1950,35.2,,0.05,Gemfan 5040 R,5.0,4.0,3.0,ABS,8,13940.827847134055,0.024569362099097162,5.017150285803675,0.2339545497777203,14149.65793279658,0.019666516185947742,2.875303253368564,1.0
15108,1300,11.1,3S1P,25,24.0,70.0,35.0,115.0,DYS D2812-14,3.175,28.0,12.0,,1600,22.0,,0.27,6030 Carbon Nylon,6.0,3.0,2.22,Carbon Nylon,16,15773.637615259197,0.027442655581884037,4.598061075788897,0.3120052038658347,14020.065261039686,0.02206682042645103,3.6973312501239333,0.8793531734849789
15114,1300,11.1,3S1P,25,24.0,70.0,35.0,115.0,DYS D2812-14,3.175,28.0,12.0,,1600,22.0,,0.27,Gemfan 6030 Thick hub,6.0,3.0,5.23,Plastic,7,15773.637615259197,0.027442655581884037,4.598061075788897,0.3120052038658347,14020.065261039686,0.02206682042645103,3.6973312501239333,0.8793531734849789
15256,1300,11.1,3S1P,25,24.0,70.0,35.0,115.0,DYS Wu,5.0,27.7,18.7,,1750,31.15,,,Carbon Fiber 5030,5.0,3.0,2.18,Carbon Fiber,7,19425.0,0.021544509456463384,3.948237570175134,0.275477255652258,18447.73626240989,0.01958228691206861,3.588641507700801,0.9496904124792738
15472,1300,11.1,3S1P,25,24.0,70.0,35.0,115.0,TMOTOR P2505,4.0,30.4,28.8,,1850,31.25,,0.069,Carbon Fiber 5030,5.0,3.0,2.18,Carbon Fiber,7,19974.015535965584,0.02268452388575405,4.394707904696153,0.2902965916558501,18447.73626240989,0.019582286912068606,3.793706736712275,0.9219382969248215
15888,1300,11.1,3S1P,25,24.0,70.0,35.0,115.0,DYS D2812-14,3.175,28.0,12.0,,1600,22.0,,0.27,6030 Carbon Nylon,6.0,3.0,2.22,Carbon Nylon,16,15773.637615259197,0.027442655581884037,4.598061075788897,0.3120052038658347,14020.065261039686,0.02206682042645103,3.6973312501239333,0.8793531734849789
15894,1300,11.1,3S1P,25,24.0,70.0,35.0,115.0,DYS D2812-14,3.175,28.0,12.0,,1600,22.0,,0.27,Gemfan 6030 Thick hub,6.0,3.0,5.23,Plastic,7,15773.637615259197,0.027442655581884037,4.598061075788897,0.3120052038658347,14020.065261039686,0.02206682042645103,3.6973312501239333,0.8793531734849789
16036,1300,11.1,3S1P,25,24.0,70.0,35.0,115.0,DYS Wu,5.0,27.7,18.7,,1750,31.15,,,Carbon Fiber 5030,5.0,3.0,2.18,Carbon Fiber,7,19425.0,0.021544509456463384,3.948237570175134,0.275477255652258,18447.73626240989,0.01958228691206861,3.588641507700801,0.9496904124792738
16252,1300,11.1,3S1P,25,24.0,70.0,35.0,115.0,TMOTOR P2505,4.0,30.4,28.8,,1850,31.25,,0.069,Carbon Fiber 5030,5.0,3.0,2.18,Carbon Fiber,7,19974.015535965584,0.02268452388575405,4.394707904696153,0.2902965916558501,18447.73626240989,0.019582286912068606,3.793706736712275,0.9219382969248215
16668,1300,11.1,3S1P,45,22.6,72.0,36.5,119.0,DYS D2812-14,3.175,28.0,12.0,,1600,22.0,,0.27,6030 Carbon Nylon,6.0,3.0,2.22,Carbon Nylon,16,15773.637615259197,0.027442655581884037,4.598061075788897,0.3120052038658347,14020.065261039686,0.02206682042645103,3.6973312501239333,0.8793531734849789
16674,1300,11.1,3S1P,45,22.6,72.0,36.5,119.0,DYS D2812-14,3.175,28.0,12.0,,1600,22.0,,0.27,Gemfan 6030 Thick hub,6.0,3.0,5.23,Plastic,7,15773.637615259197,0.027442655581884037,4.598061075788897,0.3120052038658347,14020.065261039686,0.02206682042645103,3.6973312501239333,0.8793531734849789
17448,1300,11.1,3S1P,75,22.3,72.0,36.0,122.0,DYS D2812-14,3.175,28.0,12.0,,1600,22.0,,0.27,6030 Carbon Nylon,6.0,3.0,2.22,Carbon Nylon,16,15773.637615259197,0.027442655581884037,4.598061075788897,0.3120052038658347,14020.065261039686,0.02206682042645103,3.6973312501239333,0.8793531734849789
17454,1300,11.1,3S1P,75,22.3,72.0,36.0,122.0,DYS D2812-14,3.175,28.0,12.0,,1600,22.0,,0.27,Gemfan 6030 Thick hub,6.0,3.0,5.23,Plastic,7,15773.637615259197,0.027442655581884037,4.598061075788897,0.3120052038658347,14020.065261039686,0.02206682042645103,3.6973312501239333,0.8793531734849789
18228,1300,11.1,3s1p,75,24.5,72.0,36.0,125.0,DYS D2812-14,3.175,28.0,12.0,,1600,22.0,,0.27,6030 Carbon Nylon,6.0,3.0,2.22,Carbon Nylon,16,15773.637615259197,0.027442655581884037,4.598061075788897,0.3120052038658347,14020.065261039686,0.02206682042645103,3.6973312501239333,0.8793531734849789
18234,1300,11.1,3s1p,75,24.5,72.0,36.0,125.0,DYS D2812-14,3.175,28.0,12.0,,1600,22.0,,0.27,Gemfan 6030 Thick hub,6.0,3.0,5.23,Plastic,7,15773.637615259197,0.027442655581884037,4.598061075788897,0.3120052038658347,14020.065261039686,0.02206682042645103,3.6973312501239333,0.8793531734849789
21868,1400,11.1,3S1P,45,18.7,86.0,35.5,113.0,DYS D2225-12,3.175,22.0,25.0,,2000,32.0,,0.143,Carbon Fiber 5030,5.0,3.0,2.18,Carbon Fiber,7,20742.862812454816,0.024326285261626425,5.094885271137016,0.3116593516609093,18447.73626240989,0.01958228691206861,4.1013045802294865,0.8838157374934921
21876,1400,11.1,3S1P,45,18.7,86.0,35.5,113.0,DYS D2225-15,3.175,22.0,25.0,,1600,32.0,,0.203,6030 Carbon Nylon,6.0,3.0,2.22,Carbon Nylon,16,16192.377573465725,0.028805594760388065,4.826423727014389,0.32775846131559905,14020.065261039685,0.022066820426451025,3.697331250123932,0.8570359488220686
21888,1400,11.1,3S1P,45,18.7,86.0,35.5,113.0,DYS D2225-??,3.175,22.0,25.0,,1350,32.0,,,6030 Carbon Nylon,6.0,3.0,2.22,Carbon Nylon,16,14985.0,0.024958425141258147,3.5284142261541205,0.28332482381859225,14020.065356055737,0.022066820435925866,3.1196232436317204,0.9356066303674165
22128,1400,11.1,3S1P,45,18.7,86.0,35.5,113.0,DYS D2812-14,3.175,28.0,12.0,,1600,22.0,,0.27,6030 Carbon Nylon,6.0,3.0,2.22,Carbon Nylon,16,15773.637615259197,0.027442655581884037,4.598061075788897,0.3120052038658347,14020.065261039686,0.02206682042645103,3.6973312501239333,0.8793531734849789
22134,1400,11.1,3S1P,45,18.7,86.0,35.5,113.0,DYS D2812-14,3.175,28.0,12.0,,1600,22.0,,0.27,Gemfan 6030 Thick hub,6.0,3.0,5.23,Plastic,7,15773.637615259197,0.027442655581884037,4.598061075788897,0.3120052038658347,14020.065261039686,0.02206682042645103,3.6973312501239333,0.8793531734849789
22272,1400,11.1,3S1P,45,18.7,86.0,35.5,113.0,DYS Wu,5.0,27.7,18.7,,1750,31.15,,,6030 Carbon Nylon,6.0,3.0,2.22,Carbon Nylon,16,19425.0,0.04033853267249593,7.392422210140062,0.46149677890407925,14020.065261039685,0.022066820426451028,4.043956054823051,0.7217536813920044
22276,1400,11.1,3S1P,45,18.7,86.0,35.5,113.0,DYS Wu,5.0,27.7,18.7,,1750,31.15,,,Carbon Fiber 5030,5.0,3.0,2.18,Carbon Fiber,7,19425.0,0.021544509456463384,3.948237570175134,0.275477255652258,18447.73626240989,0.01958228691206861,3.588641507700801,0.9496904124792738
22492,1400,11.1,3S1P,45,18.7,86.0,35.5,113.0,TMOTOR P2505,4.0,30.4,28.8,,1850,31.25,,0.069,Carbon Fiber 5030,5.0,3.0,2.18,Carbon Fiber,7,19974.015535965584,0.02268452388575405,4.394707904696153,0.2902965916558501,18447.73626240989,0.019582286912068606,3.793706736712275,0.9219382969248215
22576,1400,11.1,3S1P,45,18.7,86.0,35.5,113.0,TMOTOR V2306 V2.0,4.0,27.9,30.3,,1950,32.0,,0.064,Carbon Fiber 5030,5.0,3.0,2.18,Carbon Fiber,7,21010.192454034637,0.02490945731075728,5.086598926004942,0.3192533577516263,18447.73626240989,0.019582286912068606,3.998771965723749,0.8753422501146785
22908,1400,11.1,3S1P,50,19.5,85.0,35.0,131.0,DYS D2812-14,3.175,28.0,12.0,,1600,22.0,,0.27,6030 Carbon Nylon,6.0,3.0,2.22,Carbon Nylon,16,15773.637615259197,0.027442655581884037,4.598061075788897,0.3120052038658347,14020.065261039686,0.02206682042645103,3.6973312501239333,0.8793531734849789
22914,1400,11.1,3S1P,50,19.5,85.0,35.0,131.0,DYS D2812-14,3.175,28.0,12.0,,1600,22.0,,0.27,Gemfan 6030 Thick hub,6.0,3.0,5.23,Plastic,7,15773.637615259197,0.027442655581884037,4.598061075788897,0.3120052038658347,14020.065261039686,0.02206682042645103,3.6973312501239333,0.8793531734849789
24204,1550,7.4,2S1P,25,17.0,90.0,30.0,102.0,DYS D2225-12,3.175,22.0,25.0,,2000,32.0,,0.143,6030 Carbon Nylon,6.0,3.0,2.22,Carbon Nylon,16,13557.713467356498,0.02073944500769633,4.343659205047219,0.23472560692592093,13958.164480747135,0.017958454680012236,2.9434808365485674,1.0
24205,1550,7.4,2S1P,25,17.0,90.0,30.0,102.0,DYS D2225-12,3.175,22.0,25.0,,2000,32.0,,0.143,Gemfan 5040 R,5.0,4.0,3.0,ABS,8,13427.065727584317,0.022920553426073215,4.800469483970931,0.21800853208356577,14278.61247094427,0.017193180569836267,1.82303331887223,1.0
24221,1550,7.4,2S1P,25,17.0,90.0,30.0,102.0,DYS D2225-15,3.175,22.0,25.0,,1600,32.0,,0.203,DALPROP 6040,6.0,4.0,4.32,Nylon,7,10387.40056274704,0.026692008247919556,4.47228890779852,0.22541605984530277,10908.761945578315,0.023134679947655282,2.867112236520237,1.0
24224,1550,7.4,2S1P,25,17.0,90.0,30.0,102.0,DYS D2225-15,3.175,22.0,25.0,,1600,32.0,,0.203,KingKong 6040,6.0,4.0,3.38,Plastic,5,10387.40056274704,0.026692008247919556,4.47228890779852,0.22541605984530277,10908.761945578315,0.023134679947655282,2.867112236520237,1.0
24744,1550,7.4,2S1P,25,17.0,90.0,30.0,102.0,TMOTOR V2306.5 V2.0,4.0,28.6,30.45,,1950,33.2,,0.067,6030 Carbon Nylon,6.0,3.0,2.22,Carbon Nylon,16,13854.102894855883,0.02158600394383098,4.407938041669481,0.24446537209420582,13950.315436826699,0.01992014891032941,3.6715236369943143,1.0
24760,1550,7.4,2S1P,25,17.0,90.0,30.0,102.0,TMOTOR V2306.5 V2.0,4.0,28.6,30.45,,2550,33.8,,0.047,Carbon Fiber 5030,5.0,3.0,2.18,Carbon Fiber,7,18255.324068604983,0.019206108200177787,5.128710316186984,0.24512034795486737,18359.082857395726,0.017686308809974325,4.262971569497591,1.0
24804,1550,7.4,2S1P,25,17.0,90.0,30.0,102.0,TMOTOR P2207 V2.0,4.0,28.1,31.0,,1950,33.7,,0.0565,6030 Carbon Nylon,6.0,3.0,2.22,Carbon Nylon,16,13938.845558567831,0.021830907381744032,4.457948186359606,0.2472841827389398,13979.40981750195,0.02098812389873525,4.08976793735469,1.0
24838,1550,7.4,2S1P,25,17.0,90.0,30.0,102.0,TMOTOR P2505,4.0,30.4,28.8,,1850,31.25,,0.069,T-Motor 5143 Ultra-Light,5.1,4.3,3.7,Poly Carbonate,3,13000.636543780403,0.02787578407451002,5.400418771794722,0.24362087772453436,13102.604898094964,0.02601117997839983,4.601606752095926,1.0
24904,1550,7.4,2S1P,25,17.0,90.0,30.0,102.0,TMOTOR V2207 V2.0,4.0,27.5,31.35,,2550,34.3,,0.043,Carbon Fiber 5030,5.0,3.0,2.18,Carbon Fiber,7,18304.81327285558,0.01930254261311968,5.154461715863363,0.24637111320358607,18376.251863955105,0.018151163644053503,4.502946977153644,1.0
25248,1550,11.1,3S1P,25,24.0,91.0,30.0,142.0,DYS D2812-14,3.175,28.0,12.0,,1600,22.0,,0.27,6030 Carbon Nylon,6.0,3.0,2.22,Carbon Nylon,16,15773.637615259197,0.027442655581884037,4.598061075788897,0.3120052038658347,14020.065261039686,0.02206682042645103,3.6973312501239333,0.8793531734849789
25249,1550,11.1,3S1P,25,24.0,91.0,30.0,142.0,DYS D2812-14,3.175,28.0,12.0,,1600,22.0,,0.27,Gemfan 5040 R,5.0,4.0,3.0,ABS,8,15576.466203417729,0.030166683779017458,5.054476380977473,0.28821102938201804,14441.497900587905,0.02622664174389475,4.394316001650728,0.9200361719201025
26028,1550,11.1,3S1P,45,25.0,72.0,36.5,128.0,DYS D2812-14,3.175,28.0,12.0,,1600,22.0,,0.27,6030 Carbon Nylon,6.0,3.0,2.22,Carbon Nylon,16,15773.637615259197,0.027442655581884037,4.598061075788897,0.3120052038658347,14020.065261039686,0.02206682042645103,3.6973312501239333,0.8793531734849789
26029,1550,11.1,3S1P,45,25.0,72.0,36.5,128.0,DYS D2812-14,3.175,28.0,12.0,,1600,22.0,,0.27,Gemfan 5040 R,5.0,4.0,3.0,ABS,8,15576.466203417729,0.030166683779017458,5.054476380977473,0.28821102938201804,14441.497900587905,0.02622664174389475,4.394316001650728,0.9200361719201025
26034,1550,11.1,3S1P,45,25.0,72.0,36.5,128.0,DYS D2812-14,3.175,28.0,12.0,,1600,22.0,,0.27,Gemfan 6030 Thick hub,6.0,3.0,5.23,Plastic,7,15773.637615259197,0.027442655581884037,4.598061075788897,0.3120052038658347,14020.065261039686,0.02206682042645103,3.6973312501239333,0.8793531734849789
26808,1550,11.1,3S1P,75,27.0,72.0,36.0,136.0,DYS D2812-14,3.175,28.0,12.0,,1600,22.0,,0.27,6030 Carbon Nylon,6.0,3.0,2.22,Carbon Nylon,16,15773.637615259197,0.027442655581884037,4.598061075788897,0.3120052038658347,14020.065261039686,0.02206682042645103,3.6973312501239333,0.8793531734849789
26809,1550,11.1,3S1P,75,27.0,72.0,36.0,136.0,DYS D2812-14,3.175,28.0,12.0,,1600,22.0,,0.27,Gemfan 5040 R,5.0,4.0,3.0,ABS,8,15576.466203417729,0.030166683779017458,5.054476380977473,0.28821102938201804,14441.497900587905,0.02622664174389475,4.394316001650728,0.9200361719201025
26814,1550,11.1,3S1P,75,27.0,72.0,36.0,136.0,DYS D2812-14,3.175,28.0,12.0,,1600,22.0,,0.27,Gemfan 6030 Thick hub,6.0,3.0,5.23,Plastic,7,15773.637615259197,0.027442655581884037,4.598061075788897,0.3120052038658347,14020.065261039686,0.02206682042645103,3.6973312501239333,0.8793531734849789
27588,1550,11.1,3S1P,75,27.5,72.0,36.0,136.0,DYS D2812-14,3.175,28.0,12.0,,1600,22.0,,0.27,6030 Carbon Nylon,6.0,3.0,2.22,Carbon Nylon,16,15773.637615259197,0.027442655581884037,4.598061075788897,0.3120052038658347,14020.065261039686,0.02206682042645103,3.6973312501239333,0.8793531734849789
27589,1550,11.1,3S1P,75,27.5,72.0,36.0,136.0,DYS D2812-14,3.175,28.0,12.0,,1600,22.0,,0.27,Gemfan 5040 R,5.0,4.0,3.0,ABS,8,15576.466203417729,0.030166683779017458,5.054476380977473,0.28821102938201804,14441.497900587905,0.02622664174389475,4.394316001650728,0.9200361719201025
27594,1550,11.1,3S1P,75,27.5,72.0,36.0,136.0,DYS D2812-14,3.175,28.0,12.0,,1600,22.0,,0.27,Gemfan 6030 Thick hub,6.0,3.0,5.23,Plastic,7,15773.637615259197,0.027442655581884037,4.598061075788897,0.3120052038658347,14020.065261039686,0.02206682042645103,3.6973312501239333,0.8793531734849789
32004,1800,7.4,2S1P,25,17.3,89.79,30.2,100.06,DYS D2225-12,3.175,22.0,25.0,,2000,32.0,,0.143,6030 Carbon Nylon,6.0,3.0,2.22,Carbon Nylon,16,13557.713467356498,0.02073944500769633,4.343659205047219,0.23472560692592093,13958.164480747135,0.017958454680012236,2.9434808365485674,1.0
32005,1800,7.4,2S1P,25,17.3,89.79,30.2,100.06,DYS D2225-12,3.175,22.0,25.0,,2000,32.0,,0.143,Gemfan 5040 R,5.0,4.0,3.0,ABS,8,13427.065727584317,0.022920553426073215,4.800469483970931,0.21800853208356577,14278.61247094427,0.017193180569836267,1.82303331887223,1.0
32010,1800,7.4,2S1P,25,17.3,89.79,30.2,100.06,DYS D2225-12,3.175,22.0,25.0,,2000,32.0,,0.143,Gemfan 6030 Thick hub,6.0,3.0,5.23,Plastic,7,13557.713467356498,0.02073944500769633,4.343659205047219,0.23472560692592093,13958.164480747135,0.017958454680012236,2.9434808365485674,1.0
32021,1800,7.4,2S1P,25,17.3,89.79,30.2,100.06,DYS D2225-15,3.175,22.0,25.0,,1600,32.0,,0.203,DALPROP 6040,6.0,4.0,4.32,Nylon,7,10387.40056274704,0.026692008247919556,4.47228890779852,0.22541605984530277,10908.761945578315,0.023134679947655282,2.867112236520237,1.0
32024,1800,7.4,2S1P,25,17.3,89.79,30.2,100.06,DYS D2225-15,3.175,22.0,25.0,,1600,32.0,,0.203,KingKong 6040,6.0,4.0,3.38,Plastic,5,10387.40056274704,0.026692008247919556,4.47228890779852,0.22541605984530277,10908.761945578315,0.023134679947655282,2.867112236520237,1.0
32350,1800,7.4,2S1P,25,17.3,89.79,30.2,100.06,DYS Shu,5.0,28.5,17.0,,1750,33.59,,,T-Motor 5143 Ultra-Light,5.1,4.3,3.7,Poly Carbonate,3,12950.0,0.02767525441551121,5.071755263026918,0.24184003012183908,12950.000000286487,0.027675254416644885,5.071755267593405,1.0
32356,1800,7.4,2S1P,25,17.3,89.79,30.2,100.06,DYS Shu,5.0,28.5,17.0,,2500,33.59,,,Carbon Fiber 5030,5.0,3.0,2.18,Carbon Fiber,7,18500.0,0.0196850447711353,5.153532669820265,0.2513332027884418,18447.73626240989,0.019582286912068612,5.1266307252868595,0.9971749331032372
32388,1800,7.4,2S1P,25,17.3,89.79,30.2,100.06,DYS wei,5.0,27.7,18.2,,2300,34.71,,,6030 Carbon Nylon,6.0,3.0,2.22,Carbon Nylon,16,17020.0,0.031588381458042374,7.608233413094354,0.35995972163802054,14020.065261039685,0.022066820426451028,5.3149136720531525,0.8237406146321788
32404,1800,7.4,2S1P,25,17.3,89.79,30.2,100.06,DYS wei,5.0,27.7,18.2,,2600,34.71,,,Carbon Fiber 5030,5.0,3.0,2.18,Carbon Fiber,7,19240.0,0.021166452902920248,5.763018988619787,0.27056557778940027,18447.736262410555,0.019582286912068786,5.331695954298381,0.9588220510608396
32422,1800,7.4,2S1P,25,17.3,89.79,30.2,100.06,DYS Wu,5.0,27.7,18.7,,1750,31.15,,,T-Motor 5143 Ultra-Light,5.1,4.3,3.7,Poly Carbonate,3,12950.0,0.02767525441551121,5.071755263026918,0.24184003012183908,12950.000000286487,0.027675254416644885,5.071755267593405,1.0
32544,1800,7.4,2S1P,25,17.3,89.79,30.2,100.06,TMOTOR V2306.5 V2.0,4.0,28.6,30.45,,1950,33.2,,0.067,6030 Carbon Nylon,6.0,3.0,2.22,Carbon Nylon,16,13854.102894855883,0.02158600394383098,4.407938041669481,0.24446537209420582,13950.315436826699,0.01992014891032941,3.6715236369943143,1.0
32560,1800,7.4,2S1P,25,17.3,89.79,30.2,100.06,TMOTOR V2306.5 V2.0,4.0,28.6,30.45,,2550,33.8,,0.047,Carbon Fiber 5030,5.0,3.0,2.18,Carbon Fiber,7,18255.324068604983,0.019206108200177787,5.128710316186984,0.24512034795486737,18359.082857395726,0.017686308809974325,4.262971569497591,1.0
32568,1800,7.4,2S1P,25,17.3,89.79,30.2,100.06,TMOTOR V2307 V2.0,4.0,28.6,30.95,,1950,35.1,,0.067,6030 Carbon Nylon,6.0,3.0,2.22,Carbon Nylon,16,13854.102894855883,0.02158600394383098,4.407938041669481,0.24446537209420582,13950.315436826699,0.01992014891032941,3.6715236369943143,1.0
32604,1800,7.4,2S1P,25,17.3,89.79,30.2,100.06,TMOTOR P2207 V2.0,4.0,28.1,31.0,,1950,33.7,,0.0565,6030 Carbon Nylon,6.0,3.0,2.22,Carbon Nylon,16,13938.845558567831,0.021830907381744032,4.457948186359606,0.2472841827389398,13979.40981750195,0.02098812389873525,4.08976793735469,1.0
32638,1800,7.4,2S1P,25,17.3,89.79,30.2,100.06,TMOTOR P2505,4.0,30.4,28.8,,1850,31.25,,0.069,T-Motor 5143 Ultra-Light,5.1,4.3,3.7,Poly Carbonate,3,13000.636543780403,0.02787578407451002,5.400418771794722,0.24362087772453436,13102.604898094964,0.02601117997839983,4.601606752095926,1.0
32704,1800,7.4,2S1P,25,17.3,89.79,30.2,100.06,TMOTOR V2207 V2.0,4.0,27.5,31.35,,2550,34.3,,0.043,Carbon Fiber 5030,5.0,3.0,2.18,Carbon Fiber,7,18304.81327285558,0.01930254261311968,5.154461715863363,0.24637111320358607,18376.251863955105,0.018151163644053503,4.502946977153644,1.0
32712,1800,7.4,2S1P,25,17.3,89.79,30.2,100.06,TMOTOR V2306 V2.0,4.0,27.9,30.3,,1950,32.0,,0.064,6030 Carbon Nylon,6.0,3.0,2.22,Carbon Nylon,16,13878.12350861539,0.02165529378206923,4.4220872707100325,0.2452628378785153,13785.406206688262,0.020440631986030054,5.165014369956677,1.0
32718,1800,7.4,2S1P,25,17.3,89.79,30.2,100.06,TMOTOR V2306 V2.0,4.0,27.9,30.3,,1950,32.0,,0.064,Gemfan 6030 Thick hub,6.0,3.0,5.23,Plastic,7,13878.12350861539,0.02165529378206923,4.4220872707100325,0.2452628378785153,13785.406206688262,0.020440631986030054,5.165014369956677,1.0
49152,2700,11.1,3S1P,25,26.0,106.0,33.0,194.0,DYS D1410,,14.0,10.5,,3500,5.0,,,6030 Carbon Nylon,6.0,3.0,2.22,Carbon Nylon,16,38850.0,0.14542048492852166,53.29939150313558,1.698654547002765,14020.06526103969,0.022066820426451025,8.0879121096461,0.36087684069600234
49156,2700,11.1,3S1P,25,26.0,106.0,33.0,194.0,DYS D1410,,14.0,10.5,,3500,5.0,,,Carbon Fiber 5030,5.0,3.0,2.18,Carbon Fiber,7,38850.0,0.07766799645744699,28.466807489126833,1.0139630747169557,18447.73626241014,0.01958228691206867,7.177283015401623,0.47484520623964327
49158,2700,11.1,3S1P,25,26.0,106.0,33.0,194.0,DYS D1410,,14.0,10.5,,3500,5.0,,,Gemfan 6030 Thick hub,6.0,3.0,5.23,Plastic,7,38850.0,0.14542048492852166,53.29939150313558,1.698654547002765,14020.06526103969,0.022066820426451025,8.0879121096461,0.36087684069600234
53820,3500,7.4,2S1P,60,18.8,92.8,46.5,149.0,DYS D1410,,14.0,10.5,,4000,5.0,,,6030 Carbon Nylon,6.0,3.0,2.22,Carbon Nylon,16,29600.0,0.08793096942096856,36.832438375647,1.0187751879720712,14020.066077173764,0.022066820507456834,9.243328159241695,0.4736508809856001
53824,3500,7.4,2S1P,60,18.8,92.8,46.5,149.0,DYS D1410,,14.0,10.5,,4000,5.0,,,Carbon Fiber 5030,5.0,3.0,2.18,Carbon Fiber,7,29600.0,0.0469632749804441,19.671930615111243,0.6081286061749354,18447.73626240989,0.019582286912068606,8.202609160458971,0.6232343331895233
53826,3500,7.4,2S1P,60,18.8,92.8,46.5,149.0,DYS D1410,,14.0,10.5,,4000,5.0,,,Gemfan 6030 Thick hub,6.0,3.0,5.23,Plastic,7,29600.0,0.08793096942096856,36.832438375647,1.0187751879720712,14020.066077173764,0.022066820507456834,9.243328159241695,0.4736508809856001
53831,3500,7.4,2S1P,60,18.8,92.8,46.5,149.0,DYS D1410,,14.0,10.5,,4000,5.0,,,Gemfan 3052 - Flash,3.0,5.2,1.6,Poly Carbonate,4,29600.0,0.03367466518614534,14.105610767072235,0.3454417410077838,24922.542577709653,0.02449680596237034,10.261198086372973,0.8419777897874884
53832,3500,7.4,2S1P,60,18.8,92.8,46.5,149.0,DYS D1410,,14.0,10.5,,3500,5.0,,,6030 Carbon Nylon,6.0,3.0,2.22,Carbon Nylon,16,25900.0,0.06868418657624717,25.17406918369445,0.7925989614955432,14020.065261039685,0.022066820426451028,8.087912109646101,0.5413152610440032
53833,3500,7.4,2S1P,60,18.8,92.8,46.5,149.0,DYS D1410,,14.0,10.5,,3500,5.0,,,Gemfan 5040 R,5.0,4.0,3.0,ABS,8,25900.0,0.07727955287981748,28.324435500130424,0.7496741764225212,14441.497900587903,0.026226641743894746,9.612566253610966,0.5575867915284904
53836,3500,7.4,2S1P,60,18.8,92.8,46.5,149.0,DYS D1410,,14.0,10.5,,3500,5.0,,,Carbon Fiber 5030,5.0,3.0,2.18,Carbon Fiber,7,25900.0,0.036683711805174817,13.445282617764844,0.47311919980053496,18447.737871534544,0.019582287019691384,7.177283054847259,0.7122678714878201
53838,3500,7.4,2S1P,60,18.8,92.8,46.5,149.0,DYS D1410,,14.0,10.5,,3500,5.0,,,Gemfan 6030 Thick hub,6.0,3.0,5.23,Plastic,7,25900.0,0.06868418657624717,25.17406918369445,0.7925989614955432,14020.065261039685,0.022066820426451028,8.087912109646101,0.5413152610440032
53842,3500,7.4,2S1P,60,18.8,92.8,46.5,149.0,DYS D1410,,14.0,10.5,,3500,5.0,,,T-Motor 5143 Ultra-Light,5.1,4.3,3.7,Poly Carbonate,3,25900.0,0.0997693433794307,36.56737424529369,0.8901528365794379,13180.61365469923,0.0285939047756976,10.480213471090728,0.5089040021119393
53843,3500,7.4,2S1P,60,18.8,92.8,46.5,149.0,DYS D1410,,14.0,10.5,,3500,5.0,,,Gemfan 3052 - Flash,3.0,5.2,1.6,Poly Carbonate,4,25900.0,0.026303781270336918,9.640839362894864,0.26875091621046393,24922.542577709657,0.02449680596237034,8.978548325576352,0.962260331185701
54288,3500,7.4,2S1P,60,18.8,92.8,46.5,149.0,DYS BE1104,1.5,14.0,12.5,,4000,5.6,,,6030 Carbon Nylon,6.0,3.0,2.22,Carbon Nylon,16,29600.0,0.08793096942096856,36.832438375647,1.0187751879720712,14020.066077173764,0.022066820507456834,9.243328159241695,0.4736508809856001
54292,3500,7.4,2S1P,60,18.8,92.8,46.5,149.0,DYS BE1104,1.5,14.0,12.5,,4000,5.6,,,Carbon Fiber 5030,5.0,3.0,2.18,Carbon Fiber,7,29600.0,0.0469632749804441,19.671930615111243,0.6081286061749354,18447.73626240989,0.019582286912068606,8.202609160458971,0.6232343331895233
54294,3500,7.4,2S1P,60,18.8,92.8,46.5,149.0,DYS BE1104,1.5,14.0,12.5,,4000,5.6,,,Gemfan 6030 Thick hub,6.0,3.0,5.23,Plastic,7,29600.0,0.08793096942096856,36.832438375647,1.0187751879720712,14020.066077173764,0.022066820507456834,9.243328159241695,0.4736508809856001
54299,3500,7.4,2S1P,60,18.8,92.8,46.5,149.0,DYS BE1104,1.5,14.0,12.5,,4000,5.6,,,Gemfan 3052 - Flash,3.0,5.2,1.6,Poly Carbonate,4,29600.0,0.03367466518614534,14.105610767072235,0.3454417410077838,24922.542577709653,0.02449680596237034,10.261198086372973,0.8419777897874884
54588,3500,7.4,2S1P,60,18.8,92.8,46.5,149.0,TMOTOR F15,1.5,14.4,13.3,,4500,7.8,,0.197,6030 Carbon Nylon,6.0,3.0,2.22,Carbon Nylon,16,18264.107547320273,0.03599227836273134,16.96096159354735,0.4110125087750057,14020.065261039685,0.022066820426451025,10.39874414097356,0.6978544126730554
54592,3500,7.4,2S1P,60,18.8,92.8,46.5,149.0,TMOTOR F15,1.5,14.4,13.3,,4500,7.8,,0.197,Carbon Fiber 5030,5.0,3.0,2.18,Carbon Fiber,7,21984.09254927216,0.027087536850592113,12.764701016049449,0.34764107027849717,18447.73626240989,0.01958228691206861,9.227935305516345,0.7996486759985023
54594,3500,7.4,2S1P,60,18.8,92.8,46.5,149.0,TMOTOR F15,1.5,14.4,13.3,,4500,7.8,,0.197,Gemfan 6030 Thick hub,6.0,3.0,5.23,Plastic,7,18264.107547320273,0.03599227836273134,16.96096159354735,0.4110125087750057,14020.065261039685,0.022066820426451025,10.39874414097356,0.6978544126730554
54599,3500,7.4,2S1P,60,18.8,92.8,46.5,149.0,TMOTOR F15,1.5,14.4,13.3,,4500,7.8,,0.197,Gemfan 3052 - Flash,3.0,5.2,1.6,Poly Carbonate,4,23859.349743520037,0.02259862612251258,10.64935167115619,0.23032685169119516,24896.84583238523,0.022282605877004882,9.479023313728112,1.0
91260,7000,3.7,1S2P,50,19.0,93.0,47.0,147.0,DYS D1410,,14.0,10.5,,4000,5.0,,,6030 Carbon Nylon,6.0,3.0,2.22,Carbon Nylon,16,14800.0,0.024391379829709153,10.21703728654699,0.27678462846144697,14020.065261039686,0.022066820426451028,9.24332812530983,0.9473017068270057
91261,7000,3.7,1S2P,50,19.0,93.0,47.0,147.0,DYS D1410,,14.0,10.5,,4000,5.0,,,Gemfan 5040 R,5.0,4.0,3.0,ABS,8,14800.0,0.027443797784067983,11.495631128977005,0.2617948022499594,14441.497900587903,0.026226641743894746,10.985790004126818,0.9757768851748583
91262,7000,3.7,1S2P,50,19.0,93.0,47.0,147.0,DYS D1410,,14.0,10.5,,4000,5.0,,,6045 plastic,6.0,4.5,6.0,Plastic,9,14800.0,0.06971283270341441,29.201243073421672,0.5295268448044972,9928.534148658657,0.03330934205640827,13.952584573376233,0.6708469019363957
91263,7000,3.7,1S2P,50,19.0,93.0,47.0,147.0,DYS D1410,,14.0,10.5,,4000,5.0,,,Gemfan Hurricane 51499,5.1,4.99,5.2,Poly Carbonate,8,14800.0,0.05209233647740477,21.820386895018387,0.394424962260144,11612.603459599319,0.03325901758173078,13.931504706717227,0.7846353688918458
91265,7000,3.7,1S2P,50,19.0,93.0,47.0,147.0,DYS D1410,,14.0,10.5,,4000,5.0,,,DALPROP 6040,6.0,4.0,4.32,Nylon,7,14800.0,0.05138397491978566,21.523669073879468,0.43857507468673645,10975.370644580138,0.029554188249315865,12.379629424914734,0.7415790976067661
91266,7000,3.7,1S2P,50,19.0,93.0,47.0,147.0,DYS D1410,,14.0,10.5,,4000,5.0,,,Gemfan 6030 Thick hub,6.0,3.0,5.23,Plastic,7,14800.0,0.024391379829709153,10.21703728654699,0.27678462846144697,14020.065261039686,0.022066820426451028,9.24332812530983,0.9473017068270057
91267,7000,3.7,1S2P,50,19.0,93.0,47.0,147.0,DYS D1410,,14.0,10.5,,4000,5.0,,,Gemfan 5050 3-Blades BN,5.0,5.0,5.0,Poly Carbonate,6,14800.0,0.048914897106659354,20.48942415587222,0.3741252676163149,11943.610575248185,0.03289712120366066,13.779913906356429,0.8070007145437962
91268,7000,3.7,1S2P,50,19.0,93.0,47.0,147.0,DYS D1410,,14.0,10.5,,4000,5.0,,,KingKong 6040,6.0,4.0,3.38,Plastic,5,14800.0,0.05138397491978566,21.523669073879468,0.43857507468673645,10975.370644580138,0.029554188249315865,12.379629424914734,0.7415790976067661
91269,7000,3.7,1S2P,50,19.0,93.0,47.0,147.0,DYS D1410,,14.0,10.5,,4000,5.0,,,Quanum Carbon Fiber Propeller 6045 Self-Locking,6.0,4.5,6.78,Carbon Fiber,4,14800.0,0.06971283270341441,29.201243073421672,0.5295268448044972,9928.534148658657,0.03330934205640827,13.952584573376233,0.6708469019363957
91270,7000,3.7,1S2P,50,19.0,93.0,47.0,147.0,DYS D1410,,14.0,10.5,,4000,5.0,,,T-Motor 5143 Ultra-Light,5.1,4.3,3.7,Poly Carbonate,3,14800.0,0.035430454534493096,14.841074081952932,0.3108515581217152,13180.61365469923,0.028593904775697593,11.977386824103688,0.8905820036958939
91274,7000,3.7,1S2P,50,19.0,93.0,47.0,147.0,DYS D1410,,14.0,10.5,,3500,5.0,,,6045 plastic,6.0,4.5,6.0,Plastic,9,12950.0,0.054453729325293174,19.958334187318563,0.4119676570760388,9928.534148658655,0.03330934205640827,12.208511501704203,0.766682173641595
91275,7000,3.7,1S2P,50,19.0,93.0,47.0,147.0,DYS D1410,,14.0,10.5,,3500,5.0,,,Gemfan Hurricane 51499,5.1,4.99,5.2,Poly Carbonate,8,12950.0,0.040690097941232906,14.91369983489825,0.30685947122210283,11612.603460152692,0.03325901758181865,12.190066618409704,0.8967261359191268
91277,7000,3.7,1S2P,50,19.0,93.0,47.0,147.0,DYS D1410,,14.0,10.5,,3500,5.0,,,DALPROP 6040,6.0,4.0,4.32,Nylon,7,12950.0,0.04013678620468195,14.710900478363602,0.3412079061588478,10975.370644663873,0.029554188249330423,10.832175746805742,0.847518968699913
91279,7000,3.7,1S2P,50,19.0,93.0,47.0,147.0,DYS D1410,,14.0,10.5,,3500,5.0,,,Gemfan 5050 3-Blades BN,5.0,5.0,5.0,Poly Carbonate,6,12950.0,0.03820815284257023,14.004019424256748,0.29106647087881565,11943.610574639166,0.03289712120354841,12.057424668020747,0.9222865308601672
91280,7000,3.7,1S2P,50,19.0,93.0,47.0,147.0,DYS D1410,,14.0,10.5,,3500,5.0,,,KingKong 6040,6.0,4.0,3.38,Plastic,5,12950.0,0.04013678620468195,14.710900478363602,0.3412079061588478,10975.370644663873,0.029554188249330423,10.832175746805742,0.847518968699913
91281,7000,3.7,1S2P,50,19.0,93.0,47.0,147.0,DYS D1410,,14.0,10.5,,3500,5.0,,,Quanum Carbon Fiber Propeller 6045 Self-Locking,6.0,4.5,6.78,Carbon Fiber,4,12950.0,0.054453729325293174,19.958334187318563,0.4119676570760388,9928.534148658655,0.03330934205640827,12.208511501704203,0.766682173641595
91282,7000,3.7,1S2P,50,19.0,93.0,47.0,147.0,DYS D1410,,14.0,10.5,,3500,5.0,,,T-Motor 5143 Ultra-Light,5.1,4.3,3.7,Poly Carbonate,3,12950.0,0.027675254415517672,10.14351052605384,0.24184003012183375,12950.000000286487,0.02767525441663546,10.14351053518681,1.0
91728,7000,3.7,1S2P,50,19.0,93.0,47.0,147.0,DYS BE1104,1.5,14.0,12.5,,4000,5.6,,,6030 Carbon Nylon,6.0,3.0,2.22,Carbon Nylon,16,14800.0,0.024391379829709153,10.21703728654699,0.27678462846144697,14020.065261039686,0.022066820426451028,9.24332812530983,0.9473017068270057
91729,7000,3.7,1S2P,50,19.0,93.0,47.0,147.0,DYS BE1104,1.5,14.0,12.5,,4000,5.6,,,Gemfan 5040 R,5.0,4.0,3.0,ABS,8,14800.0,0.027443797784067983,11.495631128977005,0.2617948022499594,14441.497900587903,0.026226641743894746,10.985790004126818,0.9757768851748583
91730,7000,3.7,1S2P,50,19.0,93.0,47.0,147.0,DYS BE1104,1.5,14.0,12.5,,4000,5.6,,,6045 plastic,6.0,4.5,6.0,Plastic,9,14800.0,0.06971283270341441,29.201243073421672,0.5295268448044972,9928.534148658657,0.03330934205640827,13.952584573376233,0.6708469019363957
91731,7000,3.7,1S2P,50,19.0,93.0,47.0,147.0,DYS BE1104,1.5,14.0,12.5,,4000,5.6,,,Gemfan Hurricane 51499,5.1,4.99,5.2,Poly Carbonate,8,14800.0,0.05209233647740477,21.820386895018387,0.394424962260144,11612.603459599319,0.03325901758173078,13.931504706717227,0.7846353688918458
91733,7000,3.7,1S2P,50,19.0,93.0,47.0,147.0,DYS BE1104,1.5,14.0,12.5,,4000,5.6,,,DALPROP 6040,6.0,4.0,4.32,Nylon,7,14800.0,0.05138397491978566,21.523669073879468,0.43857507468673645,10975.370644580138,0.029554188249315865,12.379629424914734,0.7415790976067661
91734,7000,3.7,1S2P,50,19.0,93.0,47.0,147.0,DYS BE1104,1.5,14.0,12.5,,4000,5.6,,,Gemfan 6030 Thick hub,6.0,3.0,5.23,Plastic,7,14800.0,0.024391379829709153,10.21703728654699,0.27678462846144697,14020.065261039686,0.022066820426451028,9.24332812530983,0.9473017068270057
91735,7000,3.7,1S2P,50,19.0,93.0,47.0,147.0,DYS BE1104,1.5,14.0,12.5,,4000,5.6,,,Gemfan 5050 3-Blades BN,5.0,5.0,5.0,Poly Carbonate,6,14800.0,0.048914897106659354,20.48942415587222,0.3741252676163149,11943.610575248185,0.03289712120366066,13.779913906356429,0.8070007145437962
91736,7000,3.7,1S2P,50,19.0,93.0,47.0,147.0,DYS BE1104,1.5,14.0,12.5,,4000,5.6,,,KingKong 6040,6.0,4.0,3.38,Plastic,5,14800.0,0.05138397491978566,21.523669073879468,0.43857507468673645,10975.370644580138,0.029554188249315865,12.379629424914734,0.7415790976067661
91737,7000,3.7,1S2P,50,19.0,93.0,47.0,147.0,DYS BE1104,1.5,14.0,12.5,,4000,5.6,,,Quanum Carbon Fiber Propeller 6045 Self-Locking,6.0,4.5,6.78,Carbon Fiber,4,14800.0,0.06971283270341441,29.201243073421672,0.5295268448044972,9928.534148658657,0.03330934205640827,13.952584573376233,0.6708469019363957
91738,7000,3.7,1S2P,50,19.0,93.0,47.0,147.0,DYS BE1104,1.5,14.0,12.5,,4000,5.6,,,T-Motor 5143 Ultra-Light,5.1,4.3,3.7,Poly Carbonate,3,14800.0,0.035430454534493096,14.841074081952932,0.3108515581217152,13180.61365469923,0.028593904775697593,11.977386824103688,0.8905820036958939
91740,7000,3.7,1S2P,50,19.0,93.0,47.0,147.0,DYS BE1104,1.5,14.0,12.5,,5400,5.6,,,6030 Carbon Nylon,6.0,3.0,2.22,Carbon Nylon,16,19980.0,0.04249656632206057,24.03124209854015,0.48659702816950856,14020.068387977732,0.022066820737017778,12.478493144787379,0.7017051245234099
91741,7000,3.7,1S2P,50,19.0,93.0,47.0,147.0,DYS BE1104,1.5,14.0,12.5,,5400,5.6,,,Gemfan 5040 R,5.0,4.0,3.0,ABS,8,19980.0,0.04781472720290048,27.03859122583068,0.4602443910023665,14441.497900587903,0.02622664174389475,14.830816505571207,0.7227976927221174
91742,7000,3.7,1S2P,50,19.0,93.0,47.0,147.0,DYS BE1104,1.5,14.0,12.5,,5400,5.6,,,6045 plastic,6.0,4.5,6.0,Plastic,9,19980.0,0.12145914003892809,68.68352556801977,0.9309266574886337,9928.534148658655,0.03330934205640827,18.83598917405792,0.4969236310639968
91743,7000,3.7,1S2P,50,19.0,93.0,47.0,147.0,DYS BE1104,1.5,14.0,12.5,,5400,5.6,,,Gemfan Hurricane 51499,5.1,4.99,5.2,Poly Carbonate,8,19980.0,0.0907593357751228,51.32319525930797,0.6934128370441358,11612.603459599319,0.03325901758173078,18.807531354068256,0.5812113843643303
91744,7000,3.7,1S2P,50,19.0,93.0,47.0,147.0,DYS BE1104,1.5,14.0,12.5,,5400,5.6,,,Carbon Fiber 5030,5.0,3.0,2.18,Carbon Fiber,7,19980.0,0.022697099134126868,12.834907181389468,0.29046012898942,18447.73626241053,0.01958228691206861,11.073522366619613,0.9233101232437702
91745,7000,3.7,1S2P,50,19.0,93.0,47.0,147.0,DYS BE1104,1.5,14.0,12.5,,5400,5.6,,,DALPROP 6040,6.0,4.0,4.32,Nylon,7,19980.0,0.08952517296336224,50.62529262955352,0.7710302741812607,10975.370644580138,0.029554188249315855,16.712499723634885,0.549317850079086
91746,7000,3.7,1S2P,50,19.0,93.0,47.0,147.0,DYS BE1104,1.5,14.0,12.5,,5400,5.6,,,Gemfan 6030 Thick hub,6.0,3.0,5.23,Plastic,7,19980.0,0.04249656632206057,24.03124209854015,0.48659702816950856,14020.068387977732,0.022066820737017778,12.478493144787379,0.7017051245234099
91747,7000,3.7,1S2P,50,19.0,93.0,47.0,147.0,DYS BE1104,1.5,14.0,12.5,,5400,5.6,,,Gemfan 5050 3-Blades BN,5.0,5.0,5.0,Poly Carbonate,6,19980.0,0.08522335282147492,48.19267064763103,0.6577252660206182,11943.610574639166,0.03289712120354842,18.602883773517735,0.5977783070389973
91748,7000,3.7,1S2P,50,19.0,93.0,47.0,147.0,DYS BE1104,1.5,14.0,12.5,,5400,5.6,,,KingKong 6040,6.0,4.0,3.38,Plastic,5,19980.0,0.08952517296336224,50.62529262955352,0.7710302741812607,10975.370644580138,0.029554188249315855,16.712499723634885,0.549317850079086
91749,7000,3.7,1S2P,50,19.0,93.0,47.0,147.0,DYS BE1104,1.5,14.0,12.5,,5400,5.6,,,Quanum Carbon Fiber Propeller 6045 Self-Locking,6.0,4.5,6.78,Carbon Fiber,4,19980.0,0.12145914003892809,68.68352556801977,0.9309266574886337,9928.534148658655,0.03330934205640827,18.83598917405792,0.4969236310639968
91750,7000,3.7,1S2P,50,19.0,93.0,47.0,147.0,DYS BE1104,1.5,14.0,12.5,,5400,5.6,,,T-Motor 5143 Ultra-Light,5.1,4.3,3.7,Poly Carbonate,3,19980.0,0.06172970416015174,34.907325323272936,0.5464878784081671,13180.61365469923,0.028593904775697593,16.16947221253998,0.6596903731080695
91752,7000,3.7,1S2P,50,19.0,93.0,47.0,147.0,DYS BE1104,1.5,14.0,12.5,,6500,5.6,,,6030 Carbon Nylon,6.0,3.0,2.22,Carbon Nylon,16,24050.0,0.059884592005360525,40.76214875829485,0.6895190895011345,14020.065261039685,0.022066820426451025,15.020408203628476,0.5829548965089265
91753,7000,3.7,1S2P,50,19.0,93.0,47.0,147.0,DYS BE1104,1.5,14.0,12.5,,6500,5.6,,,Gemfan 5040 R,5.0,4.0,3.0,ABS,8,24050.0,0.06737874793679223,45.86325891287183,0.6521768014608721,14441.497900587905,0.02622664174389475,17.851908756706084,0.6004780831845282
91756,7000,3.7,1S2P,50,19.0,93.0,47.0,147.0,DYS BE1104,1.5,14.0,12.5,,6500,5.6,,,Carbon Fiber 5030,5.0,3.0,2.18,Carbon Fiber,7,24050.0,0.03198391397205243,21.770759640334322,0.41158862895356446,18447.738603272915,0.019582287068952528,13.329239992532903,0.767057738181826
91757,7000,3.7,1S2P,50,19.0,93.0,47.0,147.0,DYS BE1104,1.5,14.0,12.5,,6500,5.6,,,DALPROP 6040,6.0,4.0,4.32,Nylon,7,24050.0,0.12615556787554388,85.8713711493758,1.0925674877859572,10975.37064459909,0.029554188249317364,20.11689781548745,0.4563563677587979
91758,7000,3.7,1S2P,50,19.0,93.0,47.0,147.0,DYS BE1104,1.5,14.0,12.5,,6500,5.6,,,Gemfan 6030 Thick hub,6.0,3.0,5.23,Plastic,7,24050.0,0.059884592005360525,40.76214875829485,0.6895190895011345,14020.065261039685,0.022066820426451025,15.020408203628476,0.5829548965089265
91760,7000,3.7,1S2P,50,19.0,93.0,47.0,147.0,DYS BE1104,1.5,14.0,12.5,,6500,5.6,,,KingKong 6040,6.0,4.0,3.38,Plastic,5,24050.0,0.12615556787554388,85.8713711493758,1.0925674877859572,10975.37064459909,0.029554188249317364,20.11689781548745,0.4563563677587979
91762,7000,3.7,1S2P,50,19.0,93.0,47.0,147.0,DYS BE1104,1.5,14.0,12.5,,6500,5.6,,,T-Motor 5143 Ultra-Light,5.1,4.3,3.7,Poly Carbonate,3,24050.0,0.08698721963151364,59.210322168725185,0.774385790560441,13180.61365469923,0.028593904775697593,19.46325358916849,0.5480504638128577
91764,7000,3.7,1S2P,50,19.0,93.0,47.0,147.0,DYS BE1104,1.5,14.0,12.5,,7500,5.6,,,6030 Carbon Nylon,6.0,3.0,2.22,Carbon Nylon,16,27750.0,0.07803487203426632,61.28844520891933,0.9023693984715526,14020.065261039686,0.022066820426451025,17.33124023495593,0.505227576974403
91765,7000,3.7,1S2P,50,19.0,93.0,47.0,147.0,DYS BE1104,1.5,14.0,12.5,,7500,5.6,,,Gemfan 5040 R,5.0,4.0,3.0,ABS,8,27750.0,0.08780041404650632,68.95828392741572,0.8534997754117729,14441.497944958794,0.026226641749008277,20.598356261754105,0.5204143403588755
91768,7000,3.7,1S2P,50,19.0,93.0,47.0,147.0,DYS BE1104,1.5,14.0,12.5,,7500,5.6,,,Carbon Fiber 5030,5.0,3.0,2.18,Carbon Fiber,7,27750.0,0.04167784317108885,32.733701495912825,0.5386435113714833,18447.736262409933,0.019582286912068647,15.379892175860608,0.6647832887354931
91770,7000,3.7,1S2P,50,19.0,93.0,47.0,147.0,DYS BE1104,1.5,14.0,12.5,,7500,5.6,,,Gemfan 6030 Thick hub,6.0,3.0,5.23,Plastic,7,27750.0,0.07803487203426632,61.28844520891933,0.9023693984715526,14020.065261039686,0.022066820426451025,17.33124023495593,0.505227576974403
91775,7000,3.7,1S2P,50,19.0,93.0,47.0,147.0,DYS BE1104,1.5,14.0,12.5,,7500,5.6,,,Gemfan 3052 - Flash,3.0,5.2,1.6,Poly Carbonate,4,27750.0,0.029884785825765224,23.47145587599935,0.30597138575847027,24922.542577709653,0.024496805962370336,19.239746411949323,0.8981096424399874
91780,7000,3.7,1S2P,50,19.0,93.0,47.0,147.0,DYS BE1104,1.5,14.0,12.5,,10000,5.6,,,Carbon Fiber 5030,5.0,3.0,2.18,Carbon Fiber,7,37000.0,0.07096462282600233,74.31397924725592,0.925094837591686,18447.74080270674,0.019582287215653887,20.506523219063585,0.4985875892623443
91930,7000,3.7,1S2P,50,19.0,93.0,47.0,147.0,TMOTOR F1203,2.0,15.5,14.05,,7000,4.45,,0.198,T-Motor 5143 Ultra-Light,5.1,4.3,3.7,Poly Carbonate,3,9633.600733104406,0.01601037631189126,11.73621880728398,0.1386703693534204,13149.283371211486,0.02050916000582307,9.199651247327807,1.0
92017,7000,3.7,1S2P,50,19.0,93.0,47.0,147.0,TMOTOR F1103,1.5,14.4,14.0,,8000,5.3,,0.163,Gemfan 5040 R,5.0,4.0,3.0,ABS,8,11325.321645152451,0.016728366910976535,14.014323891754257,0.15830113162407208,14416.758359762924,0.020021048272027723,11.64359021491003,1.0
92020,7000,3.7,1S2P,50,19.0,93.0,47.0,147.0,TMOTOR F1103,1.5,14.4,14.0,,8000,5.3,,0.163,Carbon Fiber 5030,5.0,3.0,2.18,Carbon Fiber,7,15003.830695132627,0.013361114810635564,11.193381368763324,0.1695223902859316,18691.84219854941,0.01476969909429565,8.365151688228998,1.0
92026,7000,3.7,1S2P,50,19.0,93.0,47.0,147.0,TMOTOR F1103,1.5,14.4,14.0,,8000,5.3,,0.163,T-Motor 5143 Ultra-Light,5.1,4.3,3.7,Poly Carbonate,3,10191.131704011974,0.01776658739911464,14.884101453978547,0.1541413514206708,13156.302267977191,0.02177110944806732,12.610197647256763,1.0
